"Total Time","Mean Performance","Wallclock Time","Incumbent ID","Automatic Configurator Time","Configuration..."
0.0900, 100000000, 0.0006, 0, 0.0900, alpha='0.01', epoch='200', hidneuron='5', tau='12', terminal='16', threshold='7', typea='4', typeb='5', typec='6'
1.0900, 0.01333333333300002, 2.7038, 0, 0.0900, alpha='0.01', epoch='200', hidneuron='5', tau='12', terminal='16', threshold='7', typea='4', typeb='5', typec='6'
15.1200, 0.01333333333300002, 20.4351, 0, 0.1200, alpha='0.01', epoch='200', hidneuron='5', tau='12', terminal='16', threshold='7', typea='4', typeb='5', typec='6'
17.1200, 0.01333333333300002, 23.1494, 0, 0.1200, alpha='0.01', epoch='200', hidneuron='5', tau='12', terminal='16', threshold='7', typea='4', typeb='5', typec='6'
19.1200, 0.01333333333300002, 25.9034, 0, 0.1200, alpha='0.01', epoch='200', hidneuron='5', tau='12', terminal='16', threshold='7', typea='4', typeb='5', typec='6'
26.1400, 0.018666666666400024, 33.5528, 0, 0.1400, alpha='0.01', epoch='200', hidneuron='5', tau='12', terminal='16', threshold='7', typea='4', typeb='5', typec='6'
27.1400, 0.01333333333300002, 34.4672, 15, 0.1400, alpha='0.2', epoch='200', hidneuron='5', tau='12', terminal='11', threshold='7', typea='4', typeb='5', typec='6'
28.1400, 0.01777777777750002, 35.3487, 15, 0.1400, alpha='0.2', epoch='200', hidneuron='5', tau='12', terminal='11', threshold='7', typea='4', typeb='5', typec='6'
30.1400, 0.01777777777750002, 37.1144, 15, 0.1400, alpha='0.2', epoch='200', hidneuron='5', tau='12', terminal='11', threshold='7', typea='4', typeb='5', typec='6'
30.1400, 0.01777777777750002, 37.1145, 15, 0.1400, alpha='0.2', epoch='200', hidneuron='5', tau='12', terminal='11', threshold='7', typea='4', typeb='5', typec='6'
