"Total Time","Mean Performance","Wallclock Time","Incumbent ID","Automatic Configurator Time","Configuration..."
0.0900, 100000000, 0.0005, 0, 0.0900, alpha='0.01', epoch='200', hidneuron='5', tau='12', terminal='16', threshold='7', typea='4', typeb='5', typec='6'
1.1000, 0.01333333333300002, 1.1828, 0, 0.1000, alpha='0.01', epoch='200', hidneuron='5', tau='12', terminal='16', threshold='7', typea='4', typeb='5', typec='6'
13.1000, 0.01333333333300002, 13.5727, 0, 0.1000, alpha='0.01', epoch='200', hidneuron='5', tau='12', terminal='16', threshold='7', typea='4', typeb='5', typec='6'
23.1300, 0.01333333333300002, 22.5151, 0, 0.1300, alpha='0.01', epoch='200', hidneuron='5', tau='12', terminal='16', threshold='7', typea='4', typeb='5', typec='6'
25.1300, 0.01333333333300002, 24.4506, 0, 0.1300, alpha='0.01', epoch='200', hidneuron='5', tau='12', terminal='16', threshold='7', typea='4', typeb='5', typec='6'
27.1300, 0.01333333333300002, 26.3214, 0, 0.1300, alpha='0.01', epoch='200', hidneuron='5', tau='12', terminal='16', threshold='7', typea='4', typeb='5', typec='6'
29.1300, 0.01333333333300002, 27.2083, 0, 0.1300, alpha='0.01', epoch='200', hidneuron='5', tau='12', terminal='16', threshold='7', typea='4', typeb='5', typec='6'
31.1300, 0.01333333333300002, 29.0452, 0, 0.1300, alpha='0.01', epoch='200', hidneuron='5', tau='12', terminal='16', threshold='7', typea='4', typeb='5', typec='6'
33.1400, 0.01333333333300002, 31.9744, 0, 0.1400, alpha='0.01', epoch='200', hidneuron='5', tau='12', terminal='16', threshold='7', typea='4', typeb='5', typec='6'
43.1500, 0.01333333333300002, 40.0445, 0, 0.1500, alpha='0.01', epoch='200', hidneuron='5', tau='12', terminal='16', threshold='7', typea='4', typeb='5', typec='6'
54.1600, 0.01333333333300002, 50.4261, 0, 0.1600, alpha='0.01', epoch='200', hidneuron='5', tau='12', terminal='16', threshold='7', typea='4', typeb='5', typec='6'
67.1800, 0.01333333333300002, 61.6340, 0, 0.1800, alpha='0.01', epoch='200', hidneuron='5', tau='12', terminal='16', threshold='7', typea='4', typeb='5', typec='6'
69.1800, 0.01333333333300002, 63.6595, 0, 0.1800, alpha='0.01', epoch='200', hidneuron='5', tau='12', terminal='16', threshold='7', typea='4', typeb='5', typec='6'
84.2000, 0.01333333333300002, 76.7542, 0, 0.2000, alpha='0.01', epoch='200', hidneuron='5', tau='12', terminal='16', threshold='7', typea='4', typeb='5', typec='6'
86.2100, 0.01333333333300002, 78.6074, 0, 0.2100, alpha='0.01', epoch='200', hidneuron='5', tau='12', terminal='16', threshold='7', typea='4', typeb='5', typec='6'
109.2300, 0.01333333333300002, 98.2035, 0, 0.2300, alpha='0.01', epoch='200', hidneuron='5', tau='12', terminal='16', threshold='7', typea='4', typeb='5', typec='6'
111.2400, 0.01333333333300002, 101.2569, 0, 0.2400, alpha='0.01', epoch='200', hidneuron='5', tau='12', terminal='16', threshold='7', typea='4', typeb='5', typec='6'
113.2400, 0.01333333333300002, 102.1579, 0, 0.2400, alpha='0.01', epoch='200', hidneuron='5', tau='12', terminal='16', threshold='7', typea='4', typeb='5', typec='6'
115.2500, 0.01333333333300002, 104.1644, 0, 0.2500, alpha='0.01', epoch='200', hidneuron='5', tau='12', terminal='16', threshold='7', typea='4', typeb='5', typec='6'
117.2500, 0.01333333333300002, 106.0559, 0, 0.2500, alpha='0.01', epoch='200', hidneuron='5', tau='12', terminal='16', threshold='7', typea='4', typeb='5', typec='6'
119.2600, 0.01333333333300002, 108.0352, 0, 0.2600, alpha='0.01', epoch='200', hidneuron='5', tau='12', terminal='16', threshold='7', typea='4', typeb='5', typec='6'
141.2900, 0.01333333333300002, 129.9156, 0, 0.2900, alpha='0.01', epoch='200', hidneuron='5', tau='12', terminal='16', threshold='7', typea='4', typeb='5', typec='6'
164.3300, 0.01333333333300002, 151.6901, 0, 0.3300, alpha='0.01', epoch='200', hidneuron='5', tau='12', terminal='16', threshold='7', typea='4', typeb='5', typec='6'
188.3600, 0.01333333333300002, 174.4401, 0, 0.3600, alpha='0.01', epoch='200', hidneuron='5', tau='12', terminal='16', threshold='7', typea='4', typeb='5', typec='6'
213.4000, 0.01333333333300002, 196.7627, 0, 0.4000, alpha='0.01', epoch='200', hidneuron='5', tau='12', terminal='16', threshold='7', typea='4', typeb='5', typec='6'
240.4400, 0.01333333333300002, 220.9827, 0, 0.4400, alpha='0.01', epoch='200', hidneuron='5', tau='12', terminal='16', threshold='7', typea='4', typeb='5', typec='6'
242.4400, 0.01333333333300002, 222.9027, 0, 0.4400, alpha='0.01', epoch='200', hidneuron='5', tau='12', terminal='16', threshold='7', typea='4', typeb='5', typec='6'
272.4900, 0.01432098765400002, 248.6095, 0, 0.4900, alpha='0.01', epoch='200', hidneuron='5', tau='12', terminal='16', threshold='7', typea='4', typeb='5', typec='6'
273.4900, 0.01333333333300002, 249.6209, 38, 0.4900, alpha='0.5', epoch='100', hidneuron='4', tau='12', terminal='12', threshold='7', typea='4', typeb='5', typec='6'
274.4900, 0.01333333333300002, 250.9638, 38, 0.4900, alpha='0.5', epoch='100', hidneuron='4', tau='12', terminal='12', threshold='7', typea='4', typeb='5', typec='6'
275.5000, 0.01333333333300002, 252.2710, 38, 0.5000, alpha='0.5', epoch='100', hidneuron='4', tau='12', terminal='12', threshold='7', typea='4', typeb='5', typec='6'
300.5400, 0.01333333333300002, 276.5684, 38, 0.5400, alpha='0.5', epoch='100', hidneuron='4', tau='12', terminal='12', threshold='7', typea='4', typeb='5', typec='6'
300.5400, 0.01333333333300002, 276.5686, 38, 0.5400, alpha='0.5', epoch='100', hidneuron='4', tau='12', terminal='12', threshold='7', typea='4', typeb='5', typec='6'
