"Total Time","Mean Performance","Wallclock Time","Incumbent ID","Automatic Configurator Time","Configuration..."
0.0900, 100000000, 0.0004, 0, 0.0900, alpha='0.01', epoch='800', hidneuron='5', tau='7', terminal='16', threshold='2', typea='5', typeb='6', typec='7'
1.0900, 0.866666666667, 1.0450, 0, 0.0900, alpha='0.01', epoch='800', hidneuron='5', tau='7', terminal='16', threshold='2', typea='5', typeb='6', typec='7'
5.1000, 0.33333333333299997, 4.8783, 4, 0.1000, alpha='0.04', epoch='800', hidneuron='5', tau='8', terminal='14', threshold='4', typea='6', typeb='5', typec='6'
12.1100, 0.31999999999999995, 12.3435, 11, 0.1100, alpha='0.04', epoch='800', hidneuron='5', tau='8', terminal='14', threshold='9', typea='6', typeb='5', typec='6'
13.1100, 0.3133333333335, 13.3621, 11, 0.1100, alpha='0.04', epoch='800', hidneuron='5', tau='8', terminal='14', threshold='9', typea='6', typeb='5', typec='6'
26.1200, 0.32444444444466664, 25.1972, 11, 0.1200, alpha='0.04', epoch='800', hidneuron='5', tau='8', terminal='14', threshold='9', typea='6', typeb='5', typec='6'
28.1300, 0.3533333333335, 27.1377, 11, 0.1300, alpha='0.04', epoch='800', hidneuron='5', tau='8', terminal='14', threshold='9', typea='6', typeb='5', typec='6'
30.1300, 0.3573333333334, 29.0701, 11, 0.1300, alpha='0.04', epoch='800', hidneuron='5', tau='8', terminal='14', threshold='9', typea='6', typeb='5', typec='6'
32.1300, 0.35111111111116666, 31.5687, 11, 0.1300, alpha='0.04', epoch='800', hidneuron='5', tau='8', terminal='14', threshold='9', typea='6', typeb='5', typec='6'
34.1300, 0.36190476190485715, 33.4462, 11, 0.1300, alpha='0.04', epoch='800', hidneuron='5', tau='8', terminal='14', threshold='9', typea='6', typeb='5', typec='6'
35.1300, 0.3485714285714286, 34.4643, 20, 0.1300, alpha='0.04', epoch='800', hidneuron='5', tau='8', terminal='14', threshold='5', typea='6', typeb='5', typec='6'
36.1300, 0.36, 35.6270, 20, 0.1300, alpha='0.04', epoch='800', hidneuron='5', tau='8', terminal='14', threshold='5', typea='6', typeb='5', typec='6'
37.1300, 0.35851851851855554, 36.6455, 20, 0.1300, alpha='0.04', epoch='800', hidneuron='5', tau='8', terminal='14', threshold='5', typea='6', typeb='5', typec='6'
38.1400, 0.36, 37.6710, 20, 0.1400, alpha='0.04', epoch='800', hidneuron='5', tau='8', terminal='14', threshold='5', typea='6', typeb='5', typec='6'
39.1400, 0.36969696969699994, 38.6401, 20, 0.1400, alpha='0.04', epoch='800', hidneuron='5', tau='8', terminal='14', threshold='5', typea='6', typeb='5', typec='6'
63.1700, 0.04000000000000003, 59.7031, 25, 0.1700, alpha='0.04', epoch='800', hidneuron='5', tau='8', terminal='14', threshold='5', typea='4', typeb='5', typec='6'
64.1700, 0.038888888888916694, 60.7124, 25, 0.1700, alpha='0.04', epoch='800', hidneuron='5', tau='8', terminal='14', threshold='5', typea='4', typeb='5', typec='6'
65.1700, 0.03897435897438464, 61.7480, 25, 0.1700, alpha='0.04', epoch='800', hidneuron='5', tau='8', terminal='14', threshold='5', typea='4', typeb='5', typec='6'
66.1700, 0.03904761904764288, 62.7498, 25, 0.1700, alpha='0.04', epoch='800', hidneuron='5', tau='8', terminal='14', threshold='5', typea='4', typeb='5', typec='6'
67.1700, 0.04355555555560002, 63.8735, 25, 0.1700, alpha='0.04', epoch='800', hidneuron='5', tau='8', terminal='14', threshold='5', typea='4', typeb='5', typec='6'
68.1700, 0.04166666666668752, 64.8947, 25, 0.1700, alpha='0.04', epoch='800', hidneuron='5', tau='8', terminal='14', threshold='5', typea='4', typeb='5', typec='6'
88.1900, 0.024166666666625022, 83.9474, 30, 0.1900, alpha='0.04', epoch='800', hidneuron='5', tau='8', terminal='12', threshold='5', typea='4', typeb='5', typec='6'
89.1900, 0.02431372549017649, 84.9904, 30, 0.1900, alpha='0.04', epoch='800', hidneuron='5', tau='8', terminal='12', threshold='5', typea='4', typeb='5', typec='6'
90.1900, 0.02518518518516669, 85.9854, 30, 0.1900, alpha='0.04', epoch='800', hidneuron='5', tau='8', terminal='12', threshold='5', typea='4', typeb='5', typec='6'
91.1900, 0.025964912280684233, 86.0039, 30, 0.1900, alpha='0.04', epoch='800', hidneuron='5', tau='8', terminal='12', threshold='5', typea='4', typeb='5', typec='6'
92.1900, 0.025333333333300023, 87.0310, 30, 0.1900, alpha='0.04', epoch='800', hidneuron='5', tau='8', terminal='12', threshold='5', typea='4', typeb='5', typec='6'
93.2000, 0.02603174603171431, 88.0171, 30, 0.2000, alpha='0.04', epoch='800', hidneuron='5', tau='8', terminal='12', threshold='5', typea='4', typeb='5', typec='6'
188.3000, 0.024126984126952404, 175.5263, 59, 0.3000, alpha='0.04', epoch='800', hidneuron='8', tau='8', terminal='12', threshold='5', typea='4', typeb='5', typec='6'
189.3000, 0.024848484848454568, 176.7049, 59, 0.3000, alpha='0.04', epoch='800', hidneuron='8', tau='8', terminal='12', threshold='5', typea='4', typeb='5', typec='6'
190.3000, 0.024927536231869586, 177.6981, 59, 0.3000, alpha='0.04', epoch='800', hidneuron='8', tau='8', terminal='12', threshold='5', typea='4', typeb='5', typec='6'
191.3000, 0.02444444444441669, 178.8350, 59, 0.3000, alpha='0.04', epoch='800', hidneuron='8', tau='8', terminal='12', threshold='5', typea='4', typeb='5', typec='6'
192.3000, 0.025066666666640022, 179.8610, 59, 0.3000, alpha='0.04', epoch='800', hidneuron='8', tau='8', terminal='12', threshold='5', typea='4', typeb='5', typec='6'
193.3100, 0.025641025641000022, 180.9119, 59, 0.3100, alpha='0.04', epoch='800', hidneuron='8', tau='8', terminal='12', threshold='5', typea='4', typeb='5', typec='6'
194.3100, 0.02567901234566669, 182.9737, 59, 0.3100, alpha='0.04', epoch='800', hidneuron='8', tau='8', terminal='12', threshold='5', typea='4', typeb='5', typec='6'
195.3100, 0.026190476190464308, 183.9591, 59, 0.3100, alpha='0.04', epoch='800', hidneuron='8', tau='8', terminal='12', threshold='5', typea='4', typeb='5', typec='6'
196.3100, 0.02620689655172416, 184.9536, 59, 0.3100, alpha='0.04', epoch='800', hidneuron='8', tau='8', terminal='12', threshold='5', typea='4', typeb='5', typec='6'
197.3100, 0.02577777777776669, 185.1480, 59, 0.3100, alpha='0.04', epoch='800', hidneuron='8', tau='8', terminal='12', threshold='5', typea='4', typeb='5', typec='6'
198.3200, 0.02580645161290325, 186.2168, 59, 0.3200, alpha='0.04', epoch='800', hidneuron='8', tau='8', terminal='12', threshold='5', typea='4', typeb='5', typec='6'
199.3200, 0.025416666666656273, 187.2105, 59, 0.3200, alpha='0.04', epoch='800', hidneuron='8', tau='8', terminal='12', threshold='5', typea='4', typeb='5', typec='6'
200.3200, 0.025454545454545476, 188.2623, 59, 0.3200, alpha='0.04', epoch='800', hidneuron='8', tau='8', terminal='12', threshold='5', typea='4', typeb='5', typec='6'
201.3300, 0.025098039215676493, 189.3394, 59, 0.3300, alpha='0.04', epoch='800', hidneuron='8', tau='8', terminal='12', threshold='5', typea='4', typeb='5', typec='6'
202.3300, 0.025523809523800022, 190.3595, 59, 0.3300, alpha='0.04', epoch='800', hidneuron='8', tau='8', terminal='12', threshold='5', typea='4', typeb='5', typec='6'
203.3300, 0.025555555555555578, 191.4100, 59, 0.3300, alpha='0.04', epoch='800', hidneuron='8', tau='8', terminal='12', threshold='5', typea='4', typeb='5', typec='6'
204.3300, 0.02522522522521624, 192.4132, 59, 0.3300, alpha='0.04', epoch='800', hidneuron='8', tau='8', terminal='12', threshold='5', typea='4', typeb='5', typec='6'
205.3300, 0.024912280701736865, 193.4980, 59, 0.3300, alpha='0.04', epoch='800', hidneuron='8', tau='8', terminal='12', threshold='5', typea='4', typeb='5', typec='6'
206.3300, 0.024957264957256434, 194.5003, 59, 0.3300, alpha='0.04', epoch='800', hidneuron='8', tau='8', terminal='12', threshold='5', typea='4', typeb='5', typec='6'
207.3300, 0.025333333333325027, 195.5020, 59, 0.3300, alpha='0.04', epoch='800', hidneuron='8', tau='8', terminal='12', threshold='5', typea='4', typeb='5', typec='6'
208.3400, 0.025365853658536608, 196.5049, 59, 0.3400, alpha='0.04', epoch='800', hidneuron='8', tau='8', terminal='12', threshold='5', typea='4', typeb='5', typec='6'
209.3400, 0.025714285714285738, 197.5401, 59, 0.3400, alpha='0.04', epoch='800', hidneuron='8', tau='8', terminal='12', threshold='5', typea='4', typeb='5', typec='6'
210.3400, 0.026046511627907, 198.5599, 59, 0.3400, alpha='0.04', epoch='800', hidneuron='8', tau='8', terminal='12', threshold='5', typea='4', typeb='5', typec='6'
211.3400, 0.025757575757568207, 199.5709, 59, 0.3400, alpha='0.04', epoch='800', hidneuron='8', tau='8', terminal='12', threshold='5', typea='4', typeb='5', typec='6'
212.3500, 0.025481481481466693, 200.5727, 59, 0.3500, alpha='0.04', epoch='800', hidneuron='8', tau='8', terminal='12', threshold='5', typea='4', typeb='5', typec='6'
213.3500, 0.025507246376804373, 201.5921, 59, 0.3500, alpha='0.04', epoch='800', hidneuron='8', tau='8', terminal='12', threshold='5', typea='4', typeb='5', typec='6'
214.3500, 0.025815602836872367, 202.6446, 59, 0.3500, alpha='0.04', epoch='800', hidneuron='8', tau='8', terminal='12', threshold='5', typea='4', typeb='5', typec='6'
215.3500, 0.025555555555541693, 203.6631, 59, 0.3500, alpha='0.04', epoch='800', hidneuron='8', tau='8', terminal='12', threshold='5', typea='4', typeb='5', typec='6'
216.3600, 0.025578231292510228, 204.7737, 59, 0.3600, alpha='0.04', epoch='800', hidneuron='8', tau='8', terminal='12', threshold='5', typea='4', typeb='5', typec='6'
217.3600, 0.025333333333320027, 205.9082, 59, 0.3600, alpha='0.04', epoch='800', hidneuron='8', tau='8', terminal='12', threshold='5', typea='4', typeb='5', typec='6'
298.4900, 0.025359477124176494, 281.7936, 59, 0.4900, alpha='0.04', epoch='800', hidneuron='8', tau='8', terminal='12', threshold='5', typea='4', typeb='5', typec='6'
300.5000, 0.025641025641019256, 283.7697, 59, 0.5000, alpha='0.04', epoch='800', hidneuron='8', tau='8', terminal='12', threshold='5', typea='4', typeb='5', typec='6'
302.5000, 0.02540880503143399, 285.8514, 59, 0.5000, alpha='0.04', epoch='800', hidneuron='8', tau='8', terminal='12', threshold='5', typea='4', typeb='5', typec='6'
304.5100, 0.025432098765425952, 287.9044, 59, 0.5100, alpha='0.04', epoch='800', hidneuron='8', tau='8', terminal='12', threshold='5', typea='4', typeb='5', typec='6'
306.5100, 0.02521212121210912, 290.0329, 59, 0.5100, alpha='0.04', epoch='800', hidneuron='8', tau='8', terminal='12', threshold='5', typea='4', typeb='5', typec='6'
308.5200, 0.024999999999982172, 292.3567, 59, 0.5200, alpha='0.04', epoch='800', hidneuron='8', tau='8', terminal='12', threshold='5', typea='4', typeb='5', typec='6'
310.5200, 0.025029239766070202, 294.3406, 59, 0.5200, alpha='0.04', epoch='800', hidneuron='8', tau='8', terminal='12', threshold='5', typea='4', typeb='5', typec='6'
312.5300, 0.025057471264362093, 296.4282, 59, 0.5300, alpha='0.04', epoch='800', hidneuron='8', tau='8', terminal='12', threshold='5', typea='4', typeb='5', typec='6'
314.5400, 0.024858757062135618, 298.5334, 59, 0.5400, alpha='0.04', epoch='800', hidneuron='8', tau='8', terminal='12', threshold='5', typea='4', typeb='5', typec='6'
316.5400, 0.025111111111100027, 300.5119, 59, 0.5400, alpha='0.04', epoch='800', hidneuron='8', tau='8', terminal='12', threshold='5', typea='4', typeb='5', typec='6'
377.6400, 0.02444444444445002, 356.1924, 70, 0.6400, alpha='0.04', epoch='800', hidneuron='8', tau='8', terminal='12', threshold='8', typea='4', typeb='5', typec='6'
378.6500, 0.024262295081967235, 357.2099, 70, 0.6500, alpha='0.04', epoch='800', hidneuron='8', tau='8', terminal='12', threshold='8', typea='4', typeb='5', typec='6'
600.9400, 0.024262295081967235, 570.7531, 70, 0.9400, alpha='0.04', epoch='800', hidneuron='8', tau='8', terminal='12', threshold='8', typea='4', typeb='5', typec='6'
600.9400, 0.024262295081967235, 570.7532, 70, 0.9400, alpha='0.04', epoch='800', hidneuron='8', tau='8', terminal='12', threshold='8', typea='4', typeb='5', typec='6'
