"Total Time","Mean Performance","Wallclock Time","Incumbent ID","Automatic Configurator Time","Configuration..."
0.1100, 100000000, 0.0005, 0, 0.1100, alpha='0.01', epoch='10', hidneuron='5', tau='7', terminal='16', threshold='1', typea='5', typeb='6', typec='7'
1.1100, 0.866666666667, 1.6206, 0, 0.1100, alpha='0.01', epoch='10', hidneuron='5', tau='7', terminal='16', threshold='1', typea='5', typeb='6', typec='7'
2.1100, 0.6933333333330001, 3.1224, 1, 0.1100, alpha='0.04', epoch='10', hidneuron='12', tau='11', terminal='10', threshold='1', typea='4', typeb='10', typec='4'
4.1100, 0.653333333333, 6.9171, 3, 0.1100, alpha='0.01', epoch='10', hidneuron='8', tau='13', terminal='11', threshold='1', typea='10', typeb='5', typec='3'
5.1100, 0.33333333333299997, 7.4855, 4, 0.1100, alpha='0.04', epoch='10', hidneuron='11', tau='12', terminal='13', threshold='1', typea='9', typeb='5', typec='6'
14.1300, 0.33333333333299997, 20.7750, 4, 0.1300, alpha='0.04', epoch='10', hidneuron='11', tau='12', terminal='13', threshold='1', typea='9', typeb='5', typec='6'
16.1300, 0.34222222222199994, 23.7202, 4, 0.1300, alpha='0.04', epoch='10', hidneuron='11', tau='12', terminal='13', threshold='1', typea='9', typeb='5', typec='6'
21.1300, 0.33777777777766665, 31.7108, 14, 0.1300, alpha='0.05', epoch='10', hidneuron='10', tau='12', terminal='13', threshold='1', typea='9', typeb='5', typec='6'
22.1400, 0.36666666666649994, 33.2380, 14, 0.1400, alpha='0.05', epoch='10', hidneuron='10', tau='12', terminal='13', threshold='1', typea='9', typeb='5', typec='6'
23.1400, 0.36799999999979993, 34.7812, 14, 0.1400, alpha='0.05', epoch='10', hidneuron='10', tau='12', terminal='13', threshold='1', typea='9', typeb='5', typec='6'
33.1500, 0.36, 48.4710, 18, 0.1500, alpha='0.05', epoch='10', hidneuron='10', tau='9', terminal='13', threshold='1', typea='9', typeb='5', typec='6'
34.1500, 0.3533333333333333, 50.0227, 18, 0.1500, alpha='0.05', epoch='10', hidneuron='10', tau='9', terminal='13', threshold='1', typea='9', typeb='5', typec='6'
35.1500, 0.3485714285714285, 51.5078, 18, 0.1500, alpha='0.05', epoch='10', hidneuron='10', tau='9', terminal='13', threshold='1', typea='9', typeb='5', typec='6'
36.1600, 0.35999999999999993, 53.0265, 18, 0.1600, alpha='0.05', epoch='10', hidneuron='10', tau='9', terminal='13', threshold='1', typea='9', typeb='5', typec='6'
37.1600, 0.35851851851855554, 54.5615, 18, 0.1600, alpha='0.05', epoch='10', hidneuron='10', tau='9', terminal='13', threshold='1', typea='9', typeb='5', typec='6'
49.1800, 0.3570370370371111, 70.6715, 20, 0.1800, alpha='0.05', epoch='10', hidneuron='5', tau='9', terminal='13', threshold='1', typea='9', typeb='5', typec='6'
50.1800, 0.3586666666667, 72.4479, 20, 0.1800, alpha='0.05', epoch='10', hidneuron='5', tau='9', terminal='13', threshold='1', typea='9', typeb='5', typec='6'
51.1800, 0.36, 74.8002, 20, 0.1800, alpha='0.05', epoch='10', hidneuron='5', tau='9', terminal='13', threshold='1', typea='9', typeb='5', typec='6'
105.2500, 0.036363636363727296, 138.7197, 36, 0.2500, alpha='0.05', epoch='10', hidneuron='5', tau='9', terminal='13', threshold='1', typea='4', typeb='5', typec='6'
106.2500, 0.03555555555566669, 140.3127, 36, 0.2500, alpha='0.05', epoch='10', hidneuron='5', tau='9', terminal='13', threshold='1', typea='4', typeb='5', typec='6'
107.2500, 0.03384615384623079, 141.4442, 36, 0.2500, alpha='0.05', epoch='10', hidneuron='5', tau='9', terminal='13', threshold='1', typea='4', typeb='5', typec='6'
108.2500, 0.03428571428578574, 142.6965, 36, 0.2500, alpha='0.05', epoch='10', hidneuron='5', tau='9', terminal='13', threshold='1', typea='4', typeb='5', typec='6'
109.2600, 0.03911111111120002, 143.6649, 36, 0.2600, alpha='0.05', epoch='10', hidneuron='5', tau='9', terminal='13', threshold='1', typea='4', typeb='5', typec='6'
110.2600, 0.03750000000006252, 144.7705, 36, 0.2600, alpha='0.05', epoch='10', hidneuron='5', tau='9', terminal='13', threshold='1', typea='4', typeb='5', typec='6'
111.2700, 0.03686274509811766, 146.9350, 36, 0.2700, alpha='0.05', epoch='10', hidneuron='5', tau='9', terminal='13', threshold='1', typea='4', typeb='5', typec='6'
112.2700, 0.03703703703711113, 147.0699, 36, 0.2700, alpha='0.05', epoch='10', hidneuron='5', tau='9', terminal='13', threshold='1', typea='4', typeb='5', typec='6'
113.2700, 0.03649122807026318, 148.9889, 36, 0.2700, alpha='0.05', epoch='10', hidneuron='5', tau='9', terminal='13', threshold='1', typea='4', typeb='5', typec='6'
114.2700, 0.03533333333340002, 149.9158, 36, 0.2700, alpha='0.05', epoch='10', hidneuron='5', tau='9', terminal='13', threshold='1', typea='4', typeb='5', typec='6'
115.2700, 0.03428571428576192, 150.8507, 36, 0.2700, alpha='0.05', epoch='10', hidneuron='5', tau='9', terminal='13', threshold='1', typea='4', typeb='5', typec='6'
116.2700, 0.03515151515154547, 150.7856, 36, 0.2700, alpha='0.05', epoch='10', hidneuron='5', tau='9', terminal='13', threshold='1', typea='4', typeb='5', typec='6'
117.2800, 0.034782608695695674, 151.7127, 36, 0.2800, alpha='0.05', epoch='10', hidneuron='5', tau='9', terminal='13', threshold='1', typea='4', typeb='5', typec='6'
118.2800, 0.03444444444450002, 152.6564, 36, 0.2800, alpha='0.05', epoch='10', hidneuron='5', tau='9', terminal='13', threshold='1', typea='4', typeb='5', typec='6'
119.2800, 0.03466666666672002, 153.5830, 36, 0.2800, alpha='0.05', epoch='10', hidneuron='5', tau='9', terminal='13', threshold='1', typea='4', typeb='5', typec='6'
120.2800, 0.034871794871846176, 154.5181, 36, 0.2800, alpha='0.05', epoch='10', hidneuron='5', tau='9', terminal='13', threshold='1', typea='4', typeb='5', typec='6'
121.2800, 0.034567901234629654, 155.5698, 36, 0.2800, alpha='0.05', epoch='10', hidneuron='5', tau='9', terminal='13', threshold='1', typea='4', typeb='5', typec='6'
148.3200, 0.027160493827111137, 180.1804, 37, 0.3200, alpha='0.01', epoch='10', hidneuron='5', tau='9', terminal='13', threshold='1', typea='4', typeb='5', typec='6'
149.3200, 0.026666666666607167, 181.1494, 37, 0.3200, alpha='0.01', epoch='10', hidneuron='5', tau='9', terminal='13', threshold='1', typea='4', typeb='5', typec='6'
198.4000, 0.025714285714285738, 227.8091, 50, 0.4000, alpha='0.01', epoch='10', hidneuron='10', tau='9', terminal='13', threshold='1', typea='4', typeb='5', typec='6'
199.4000, 0.025747126436793125, 228.9194, 50, 0.4000, alpha='0.01', epoch='10', hidneuron='10', tau='9', terminal='13', threshold='1', typea='4', typeb='5', typec='6'
200.4100, 0.025333333333333357, 229.9295, 50, 0.4100, alpha='0.01', epoch='10', hidneuron='10', tau='9', terminal='13', threshold='1', typea='4', typeb='5', typec='6'
201.4100, 0.02537634408603228, 230.9645, 50, 0.4100, alpha='0.01', epoch='10', hidneuron='10', tau='9', terminal='13', threshold='1', typea='4', typeb='5', typec='6'
202.4100, 0.025000000000000022, 232.0000, 50, 0.4100, alpha='0.01', epoch='10', hidneuron='10', tau='9', terminal='13', threshold='1', typea='4', typeb='5', typec='6'
203.4100, 0.025050505050515173, 232.0517, 50, 0.4100, alpha='0.01', epoch='10', hidneuron='10', tau='9', terminal='13', threshold='1', typea='4', typeb='5', typec='6'
204.4100, 0.0247058823529412, 233.0781, 50, 0.4100, alpha='0.01', epoch='10', hidneuron='10', tau='9', terminal='13', threshold='1', typea='4', typeb='5', typec='6'
205.4100, 0.025142857142857165, 234.1306, 50, 0.4100, alpha='0.01', epoch='10', hidneuron='10', tau='9', terminal='13', threshold='1', typea='4', typeb='5', typec='6'
206.4200, 0.025185185185194466, 235.1574, 50, 0.4200, alpha='0.01', epoch='10', hidneuron='10', tau='9', terminal='13', threshold='1', typea='4', typeb='5', typec='6'
207.4200, 0.02486486486486489, 236.1590, 50, 0.4200, alpha='0.01', epoch='10', hidneuron='10', tau='9', terminal='13', threshold='1', typea='4', typeb='5', typec='6'
208.4200, 0.02491228070176318, 237.1776, 50, 0.4200, alpha='0.01', epoch='10', hidneuron='10', tau='9', terminal='13', threshold='1', typea='4', typeb='5', typec='6'
209.4300, 0.024957264957282073, 238.3380, 50, 0.4300, alpha='0.01', epoch='10', hidneuron='10', tau='9', terminal='13', threshold='1', typea='4', typeb='5', typec='6'
210.4300, 0.02533333333335002, 239.3899, 50, 0.4300, alpha='0.01', epoch='10', hidneuron='10', tau='9', terminal='13', threshold='1', typea='4', typeb='5', typec='6'
211.4300, 0.025365853658561, 240.4333, 50, 0.4300, alpha='0.01', epoch='10', hidneuron='10', tau='9', terminal='13', threshold='1', typea='4', typeb='5', typec='6'
269.5300, 0.02439024390246344, 297.1287, 60, 0.5300, alpha='0.05', epoch='10', hidneuron='10', tau='9', terminal='13', threshold='1', typea='4', typeb='5', typec='6'
270.5300, 0.024444444444476212, 298.1804, 60, 0.5300, alpha='0.05', epoch='10', hidneuron='10', tau='9', terminal='13', threshold='1', typea='4', typeb='5', typec='6'
271.5300, 0.025116279069790724, 299.2237, 60, 0.5300, alpha='0.05', epoch='10', hidneuron='10', tau='9', terminal='13', threshold='1', typea='4', typeb='5', typec='6'
272.5400, 0.024848484848500028, 300.2589, 60, 0.5400, alpha='0.05', epoch='10', hidneuron='10', tau='9', terminal='13', threshold='1', typea='4', typeb='5', typec='6'
273.5500, 0.024592592592600028, 301.3275, 60, 0.5500, alpha='0.05', epoch='10', hidneuron='10', tau='9', terminal='13', threshold='1', typea='4', typeb='5', typec='6'
274.5500, 0.024927536231891333, 302.3213, 60, 0.5500, alpha='0.05', epoch='10', hidneuron='10', tau='9', terminal='13', threshold='1', typea='4', typeb='5', typec='6'
275.5500, 0.025248226950361732, 303.3396, 60, 0.5500, alpha='0.05', epoch='10', hidneuron='10', tau='9', terminal='13', threshold='1', typea='4', typeb='5', typec='6'
276.5600, 0.025000000000000033, 304.3826, 60, 0.5600, alpha='0.05', epoch='10', hidneuron='10', tau='9', terminal='13', threshold='1', typea='4', typeb='5', typec='6'
277.5600, 0.025034013605449008, 305.5011, 60, 0.5600, alpha='0.05', epoch='10', hidneuron='10', tau='9', terminal='13', threshold='1', typea='4', typeb='5', typec='6'
278.5600, 0.02480000000000003, 306.4946, 60, 0.5600, alpha='0.05', epoch='10', hidneuron='10', tau='9', terminal='13', threshold='1', typea='4', typeb='5', typec='6'
279.5700, 0.024836601307196105, 308.9553, 60, 0.5700, alpha='0.05', epoch='10', hidneuron='10', tau='9', terminal='13', threshold='1', typea='4', typeb='5', typec='6'
402.7400, 0.025128205128211567, 427.8255, 60, 0.7400, alpha='0.05', epoch='10', hidneuron='10', tau='9', terminal='13', threshold='1', typea='4', typeb='5', typec='6'
403.7400, 0.024905660377358523, 428.8891, 60, 0.7400, alpha='0.05', epoch='10', hidneuron='10', tau='9', terminal='13', threshold='1', typea='4', typeb='5', typec='6'
404.7500, 0.02493827160494447, 429.9624, 60, 0.7500, alpha='0.05', epoch='10', hidneuron='10', tau='9', terminal='13', threshold='1', typea='4', typeb='5', typec='6'
405.7600, 0.024727272727272757, 430.4425, 60, 0.7600, alpha='0.05', epoch='10', hidneuron='10', tau='9', terminal='13', threshold='1', typea='4', typeb='5', typec='6'
406.7600, 0.024523809523803602, 431.4941, 60, 0.7600, alpha='0.05', epoch='10', hidneuron='10', tau='9', terminal='13', threshold='1', typea='4', typeb='5', typec='6'
407.7600, 0.024795321637421083, 432.5180, 60, 0.7600, alpha='0.05', epoch='10', hidneuron='10', tau='9', terminal='13', threshold='1', typea='4', typeb='5', typec='6'
408.7600, 0.024827586206896582, 433.5532, 60, 0.7600, alpha='0.05', epoch='10', hidneuron='10', tau='9', terminal='13', threshold='1', typea='4', typeb='5', typec='6'
409.7700, 0.024632768361576303, 434.6166, 60, 0.7700, alpha='0.05', epoch='10', hidneuron='10', tau='9', terminal='13', threshold='1', typea='4', typeb='5', typec='6'
410.7700, 0.024888888888883364, 435.6515, 60, 0.7700, alpha='0.05', epoch='10', hidneuron='10', tau='9', terminal='13', threshold='1', typea='4', typeb='5', typec='6'
411.7700, 0.024699453551901673, 436.7006, 60, 0.7700, alpha='0.05', epoch='10', hidneuron='10', tau='9', terminal='13', threshold='1', typea='4', typeb='5', typec='6'
412.7800, 0.02451612903224197, 437.7215, 60, 0.7800, alpha='0.05', epoch='10', hidneuron='10', tau='9', terminal='13', threshold='1', typea='4', typeb='5', typec='6'
413.7800, 0.024761904761888925, 438.7628, 60, 0.7800, alpha='0.05', epoch='10', hidneuron='10', tau='9', terminal='13', threshold='1', typea='4', typeb='5', typec='6'
414.7800, 0.02499999999998441, 440.8142, 60, 0.7800, alpha='0.05', epoch='10', hidneuron='10', tau='9', terminal='13', threshold='1', typea='4', typeb='5', typec='6'
415.7900, 0.0250256410256308, 441.8184, 60, 0.7900, alpha='0.05', epoch='10', hidneuron='10', tau='9', terminal='13', threshold='1', typea='4', typeb='5', typec='6'
416.7900, 0.025252525252515184, 442.8451, 60, 0.7900, alpha='0.05', epoch='10', hidneuron='10', tau='9', terminal='13', threshold='1', typea='4', typeb='5', typec='6'
417.8000, 0.02507462686565675, 443.8631, 60, 0.8000, alpha='0.05', epoch='10', hidneuron='10', tau='9', terminal='13', threshold='1', typea='4', typeb='5', typec='6'
418.8000, 0.024901960784294155, 444.8881, 60, 0.8000, alpha='0.05', epoch='10', hidneuron='10', tau='9', terminal='13', threshold='1', typea='4', typeb='5', typec='6'
419.8000, 0.0249275362318696, 445.9584, 60, 0.8000, alpha='0.05', epoch='10', hidneuron='10', tau='9', terminal='13', threshold='1', typea='4', typeb='5', typec='6'
420.8000, 0.02495238095237146, 446.0252, 60, 0.8000, alpha='0.05', epoch='10', hidneuron='10', tau='9', terminal='13', threshold='1', typea='4', typeb='5', typec='6'
421.8100, 0.025164319248816933, 447.2352, 60, 0.8100, alpha='0.05', epoch='10', hidneuron='10', tau='9', terminal='13', threshold='1', typea='4', typeb='5', typec='6'
422.8100, 0.025185185185180585, 448.2220, 60, 0.8100, alpha='0.05', epoch='10', hidneuron='10', tau='9', terminal='13', threshold='1', typea='4', typeb='5', typec='6'
423.8200, 0.02502283105021921, 449.2654, 60, 0.8200, alpha='0.05', epoch='10', hidneuron='10', tau='9', terminal='13', threshold='1', typea='4', typeb='5', typec='6'
424.8200, 0.02504504504504057, 450.3660, 60, 0.8200, alpha='0.05', epoch='10', hidneuron='10', tau='9', terminal='13', threshold='1', typea='4', typeb='5', typec='6'
425.8200, 0.02488888888888003, 451.5008, 60, 0.8200, alpha='0.05', epoch='10', hidneuron='10', tau='9', terminal='13', threshold='1', typea='4', typeb='5', typec='6'
426.8400, 0.025087719298236874, 452.6613, 60, 0.8400, alpha='0.05', epoch='10', hidneuron='10', tau='9', terminal='13', threshold='1', typea='4', typeb='5', typec='6'
427.8400, 0.02510822510822081, 454.8308, 60, 0.8400, alpha='0.05', epoch='10', hidneuron='10', tau='9', terminal='13', threshold='1', typea='4', typeb='5', typec='6'
428.8500, 0.025128205128205156, 455.1991, 60, 0.8500, alpha='0.05', epoch='10', hidneuron='10', tau='9', terminal='13', threshold='1', typea='4', typeb='5', typec='6'
429.8500, 0.024978902953582308, 456.2258, 60, 0.8500, alpha='0.05', epoch='10', hidneuron='10', tau='9', terminal='13', threshold='1', typea='4', typeb='5', typec='6'
430.8500, 0.02483333333332503, 457.2746, 60, 0.8500, alpha='0.05', epoch='10', hidneuron='10', tau='9', terminal='13', threshold='1', typea='4', typeb='5', typec='6'
431.8500, 0.024691358024679044, 458.2867, 60, 0.8500, alpha='0.05', epoch='10', hidneuron='10', tau='9', terminal='13', threshold='1', typea='4', typeb='5', typec='6'
432.8600, 0.024715447154463444, 459.3303, 60, 0.8600, alpha='0.05', epoch='10', hidneuron='10', tau='9', terminal='13', threshold='1', typea='4', typeb='5', typec='6'
433.8600, 0.024899598393566296, 460.3990, 60, 0.8600, alpha='0.05', epoch='10', hidneuron='10', tau='9', terminal='13', threshold='1', typea='4', typeb='5', typec='6'
434.8700, 0.02476190476189289, 461.5095, 60, 0.8700, alpha='0.05', epoch='10', hidneuron='10', tau='9', terminal='13', threshold='1', typea='4', typeb='5', typec='6'
435.8700, 0.02478431372548238, 462.5357, 60, 0.8700, alpha='0.05', epoch='10', hidneuron='10', tau='9', terminal='13', threshold='1', typea='4', typeb='5', typec='6'
436.8700, 0.0249612403100698, 463.6790, 60, 0.8700, alpha='0.05', epoch='10', hidneuron='10', tau='9', terminal='13', threshold='1', typea='4', typeb='5', typec='6'
437.8900, 0.024827586206885088, 465.8886, 60, 0.8900, alpha='0.05', epoch='10', hidneuron='10', tau='9', terminal='13', threshold='1', typea='4', typeb='5', typec='6'
438.8900, 0.024848484848477303, 466.0907, 60, 0.8900, alpha='0.05', epoch='10', hidneuron='10', tau='9', terminal='13', threshold='1', typea='4', typeb='5', typec='6'
439.9000, 0.0247191011235843, 467.1513, 60, 0.9000, alpha='0.05', epoch='10', hidneuron='10', tau='9', terminal='13', threshold='1', typea='4', typeb='5', typec='6'
440.9000, 0.02488888888887781, 468.1779, 60, 0.9000, alpha='0.05', epoch='10', hidneuron='10', tau='9', terminal='13', threshold='1', typea='4', typeb='5', typec='6'
440.9000, 0.02488888888887781, 468.1798, 60, 0.9000, alpha='0.05', epoch='10', hidneuron='10', tau='9', terminal='13', threshold='1', typea='4', typeb='5', typec='6'
533.0500, 0.025054945054934098, 560.3528, 60, 1.0500, alpha='0.05', epoch='10', hidneuron='10', tau='9', terminal='13', threshold='1', typea='4', typeb='5', typec='6'
534.0500, 0.025072463768108726, 561.3793, 60, 1.0500, alpha='0.05', epoch='10', hidneuron='10', tau='9', terminal='13', threshold='1', typea='4', typeb='5', typec='6'
535.0600, 0.02508960573476347, 562.4646, 60, 1.0600, alpha='0.05', epoch='10', hidneuron='10', tau='9', terminal='13', threshold='1', typea='4', typeb='5', typec='6'
536.0600, 0.024964539007085135, 563.5195, 60, 1.0600, alpha='0.05', epoch='10', hidneuron='10', tau='9', terminal='13', threshold='1', typea='4', typeb='5', typec='6'
579.1300, 0.025263157894726346, 605.9326, 60, 1.1300, alpha='0.05', epoch='10', hidneuron='10', tau='9', terminal='13', threshold='1', typea='4', typeb='5', typec='6'
580.1300, 0.02541666666665628, 606.5594, 60, 1.1300, alpha='0.05', epoch='10', hidneuron='10', tau='9', terminal='13', threshold='1', typea='4', typeb='5', typec='6'
581.1400, 0.025292096219917556, 607.6734, 60, 1.1400, alpha='0.05', epoch='10', hidneuron='10', tau='9', terminal='13', threshold='1', typea='4', typeb='5', typec='6'
582.1400, 0.025306122448969418, 608.6959, 60, 1.1400, alpha='0.05', epoch='10', hidneuron='10', tau='9', terminal='13', threshold='1', typea='4', typeb='5', typec='6'
583.1500, 0.02518518518517175, 610.8194, 60, 1.1500, alpha='0.05', epoch='10', hidneuron='10', tau='9', terminal='13', threshold='1', typea='4', typeb='5', typec='6'
584.1500, 0.02533333333332003, 611.8834, 60, 1.1500, alpha='0.05', epoch='10', hidneuron='10', tau='9', terminal='13', threshold='1', typea='4', typeb='5', typec='6'
585.1600, 0.025214521452128744, 612.9184, 60, 1.1600, alpha='0.05', epoch='10', hidneuron='10', tau='9', terminal='13', threshold='1', typea='4', typeb='5', typec='6'
586.1600, 0.0253594771241667, 613.9613, 60, 1.1600, alpha='0.05', epoch='10', hidneuron='10', tau='9', terminal='13', threshold='1', typea='4', typeb='5', typec='6'
587.1700, 0.025242718446582556, 614.9801, 60, 1.1700, alpha='0.05', epoch='10', hidneuron='10', tau='9', terminal='13', threshold='1', typea='4', typeb='5', typec='6'
588.1700, 0.025256410256394263, 615.0396, 60, 1.1700, alpha='0.05', epoch='10', hidneuron='10', tau='9', terminal='13', threshold='1', typea='4', typeb='5', typec='6'
589.1800, 0.0252698412698286, 616.0672, 60, 1.1800, alpha='0.05', epoch='10', hidneuron='10', tau='9', terminal='13', threshold='1', typea='4', typeb='5', typec='6'
590.1800, 0.025408805031433994, 617.1231, 60, 1.1800, alpha='0.05', epoch='10', hidneuron='10', tau='9', terminal='13', threshold='1', typea='4', typeb='5', typec='6'
591.1900, 0.025420560747654235, 618.2284, 60, 1.1900, alpha='0.05', epoch='10', hidneuron='10', tau='9', terminal='13', threshold='1', typea='4', typeb='5', typec='6'
592.1900, 0.025308641975296326, 619.3057, 60, 1.1900, alpha='0.05', epoch='10', hidneuron='10', tau='9', terminal='13', threshold='1', typea='4', typeb='5', typec='6'
593.2000, 0.025443425076440398, 620.3403, 60, 1.2000, alpha='0.05', epoch='10', hidneuron='10', tau='9', terminal='13', threshold='1', typea='4', typeb='5', typec='6'
594.2100, 0.025333333333318213, 621.3592, 60, 1.2100, alpha='0.05', epoch='10', hidneuron='10', tau='9', terminal='13', threshold='1', typea='4', typeb='5', typec='6'
595.2100, 0.025465465465450483, 622.3606, 60, 1.2100, alpha='0.05', epoch='10', hidneuron='10', tau='9', terminal='13', threshold='1', typea='4', typeb='5', typec='6'
596.2200, 0.025357142857125033, 623.3708, 60, 1.2200, alpha='0.05', epoch='10', hidneuron='10', tau='9', terminal='13', threshold='1', typea='4', typeb='5', typec='6'
597.2200, 0.02536873156340711, 624.4723, 60, 1.2200, alpha='0.05', epoch='10', hidneuron='10', tau='9', terminal='13', threshold='1', typea='4', typeb='5', typec='6'
598.2300, 0.02538011695905266, 625.5698, 60, 1.2300, alpha='0.05', epoch='10', hidneuron='10', tau='9', terminal='13', threshold='1', typea='4', typeb='5', typec='6'
599.2300, 0.02550724637680003, 626.6090, 60, 1.2300, alpha='0.05', epoch='10', hidneuron='10', tau='9', terminal='13', threshold='1', typea='4', typeb='5', typec='6'
600.2400, 0.025632183908034515, 627.6278, 60, 1.2400, alpha='0.05', epoch='10', hidneuron='10', tau='9', terminal='13', threshold='1', typea='4', typeb='5', typec='6'
601.2500, 0.025527065527051314, 628.6797, 60, 1.2500, alpha='0.05', epoch='10', hidneuron='10', tau='9', terminal='13', threshold='1', typea='4', typeb='5', typec='6'
602.2500, 0.025762711864389862, 629.7438, 60, 1.2500, alpha='0.05', epoch='10', hidneuron='10', tau='9', terminal='13', threshold='1', typea='4', typeb='5', typec='6'
603.2600, 0.025770308123235327, 631.8163, 60, 1.2600, alpha='0.05', epoch='10', hidneuron='10', tau='9', terminal='13', threshold='1', typea='4', typeb='5', typec='6'
604.2700, 0.02566666666665003, 632.8680, 60, 1.2700, alpha='0.05', epoch='10', hidneuron='10', tau='9', terminal='13', threshold='1', typea='4', typeb='5', typec='6'
605.2700, 0.02578512396692565, 633.9116, 60, 1.2700, alpha='0.05', epoch='10', hidneuron='10', tau='9', terminal='13', threshold='1', typea='4', typeb='5', typec='6'
606.2800, 0.025792349726762327, 634.9883, 60, 1.2800, alpha='0.05', epoch='10', hidneuron='10', tau='9', terminal='13', threshold='1', typea='4', typeb='5', typec='6'
607.2800, 0.025799457994569137, 635.0394, 60, 1.2800, alpha='0.05', epoch='10', hidneuron='10', tau='9', terminal='13', threshold='1', typea='4', typeb='5', typec='6'
608.2900, 0.025698924731169387, 636.0916, 60, 1.2900, alpha='0.05', epoch='10', hidneuron='10', tau='9', terminal='13', threshold='1', typea='4', typeb='5', typec='6'
609.2900, 0.02559999999998403, 637.1976, 60, 1.2900, alpha='0.05', epoch='10', hidneuron='10', tau='9', terminal='13', threshold='1', typea='4', typeb='5', typec='6'
610.3000, 0.025714285714269872, 638.2370, 60, 1.3000, alpha='0.05', epoch='10', hidneuron='10', tau='9', terminal='13', threshold='1', typea='4', typeb='5', typec='6'
611.3100, 0.025616797900244126, 639.2427, 60, 1.3100, alpha='0.05', epoch='10', hidneuron='10', tau='9', terminal='13', threshold='1', typea='4', typeb='5', typec='6'
612.3100, 0.025520833333312534, 640.2569, 60, 1.3100, alpha='0.05', epoch='10', hidneuron='10', tau='9', terminal='13', threshold='1', typea='4', typeb='5', typec='6'
613.3200, 0.025529715762255847, 641.2837, 60, 1.3200, alpha='0.05', epoch='10', hidneuron='10', tau='9', terminal='13', threshold='1', typea='4', typeb='5', typec='6'
614.3300, 0.025538461538446185, 642.3357, 60, 1.3300, alpha='0.05', epoch='10', hidneuron='10', tau='9', terminal='13', threshold='1', typea='4', typeb='5', typec='6'
615.3300, 0.025648854961816826, 643.3730, 60, 1.3300, alpha='0.05', epoch='10', hidneuron='10', tau='9', terminal='13', threshold='1', typea='4', typeb='5', typec='6'
616.3400, 0.02565656565655306, 644.4307, 60, 1.3400, alpha='0.05', epoch='10', hidneuron='10', tau='9', terminal='13', threshold='1', typea='4', typeb='5', typec='6'
617.3400, 0.025563909774421086, 645.4536, 60, 1.3400, alpha='0.05', epoch='10', hidneuron='10', tau='9', terminal='13', threshold='1', typea='4', typeb='5', typec='6'
618.3500, 0.02547263681590302, 646.4760, 60, 1.3500, alpha='0.05', epoch='10', hidneuron='10', tau='9', terminal='13', threshold='1', typea='4', typeb='5', typec='6'
619.3600, 0.025481481481466697, 647.5101, 60, 1.3600, alpha='0.05', epoch='10', hidneuron='10', tau='9', terminal='13', threshold='1', typea='4', typeb='5', typec='6'
620.3600, 0.025588235294102972, 648.5628, 60, 1.3600, alpha='0.05', epoch='10', hidneuron='10', tau='9', terminal='13', threshold='1', typea='4', typeb='5', typec='6'
620.3700, 0.025588235294102972, 648.5651, 60, 1.3700, alpha='0.05', epoch='10', hidneuron='10', tau='9', terminal='13', threshold='1', typea='4', typeb='5', typec='6'
1149.4300, 0.024607843137264728, 1178.8456, 201, 2.4300, alpha='0.05', epoch='10', hidneuron='10', tau='10', terminal='15', threshold='1', typea='4', typeb='5', typec='6'
1149.4300, 0.024607843137264728, 1178.8458, 201, 2.4300, alpha='0.05', epoch='10', hidneuron='10', tau='10', terminal='15', threshold='1', typea='4', typeb='5', typec='6'
3079.1900, 0.024215686274514727, 3068.2980, 492, 6.1900, alpha='0.03', epoch='10', hidneuron='12', tau='10', terminal='15', threshold='1', typea='4', typeb='5', typec='6'
3079.1900, 0.024215686274514727, 3068.2981, 492, 6.1900, alpha='0.03', epoch='10', hidneuron='12', tau='10', terminal='15', threshold='1', typea='4', typeb='5', typec='6'
5688.8200, 0.024136253041364984, 5648.8125, 492, 12.8200, alpha='0.03', epoch='10', hidneuron='12', tau='10', terminal='15', threshold='1', typea='4', typeb='5', typec='6'
5690.8400, 0.024251207729471036, 5650.0241, 492, 12.8400, alpha='0.03', epoch='10', hidneuron='12', tau='10', terminal='15', threshold='1', typea='4', typeb='5', typec='6'
5692.8500, 0.02417266187050362, 5652.1426, 492, 12.8500, alpha='0.03', epoch='10', hidneuron='12', tau='10', terminal='15', threshold='1', typea='4', typeb='5', typec='6'
5694.8700, 0.024190476190478594, 5654.2990, 492, 12.8700, alpha='0.03', epoch='10', hidneuron='12', tau='10', terminal='15', threshold='1', typea='4', typeb='5', typec='6'
5696.8800, 0.024302600472815624, 5656.4355, 492, 12.8800, alpha='0.03', epoch='10', hidneuron='12', tau='10', terminal='15', threshold='1', typea='4', typeb='5', typec='6'
5698.8900, 0.024319248826295794, 5658.6456, 492, 12.8900, alpha='0.03', epoch='10', hidneuron='12', tau='10', terminal='15', threshold='1', typea='4', typeb='5', typec='6'
5700.9100, 0.024335664335671348, 5660.7407, 492, 12.9100, alpha='0.03', epoch='10', hidneuron='12', tau='10', terminal='15', threshold='1', typea='4', typeb='5', typec='6'
5702.9200, 0.024259259259263907, 5663.8614, 492, 12.9200, alpha='0.03', epoch='10', hidneuron='12', tau='10', terminal='15', threshold='1', typea='4', typeb='5', typec='6'
5704.9300, 0.024183908045979332, 5665.9975, 492, 12.9300, alpha='0.03', epoch='10', hidneuron='12', tau='10', terminal='15', threshold='1', typea='4', typeb='5', typec='6'
5706.9500, 0.02420091324201372, 5667.1256, 492, 12.9500, alpha='0.03', epoch='10', hidneuron='12', tau='10', terminal='15', threshold='1', typea='4', typeb='5', typec='6'
5708.9600, 0.024217687074836753, 5669.2803, 492, 12.9600, alpha='0.03', epoch='10', hidneuron='12', tau='10', terminal='15', threshold='1', typea='4', typeb='5', typec='6'
5710.9700, 0.024144144144148668, 5671.5493, 492, 12.9700, alpha='0.03', epoch='10', hidneuron='12', tau='10', terminal='15', threshold='1', typea='4', typeb='5', typec='6'
5712.9900, 0.02407158836689264, 5673.6263, 492, 12.9900, alpha='0.03', epoch='10', hidneuron='12', tau='10', terminal='15', threshold='1', typea='4', typeb='5', typec='6'
5715.0000, 0.024177777777780022, 5676.1225, 492, 13.0000, alpha='0.03', epoch='10', hidneuron='12', tau='10', terminal='15', threshold='1', typea='4', typeb='5', typec='6'
5985.8300, 0.02419426048565565, 5967.8213, 492, 13.8300, alpha='0.03', epoch='10', hidneuron='12', tau='10', terminal='15', threshold='1', typea='4', typeb='5', typec='6'
5987.8400, 0.024122807017546072, 5969.0087, 492, 13.8400, alpha='0.03', epoch='10', hidneuron='12', tau='10', terminal='15', threshold='1', typea='4', typeb='5', typec='6'
5989.8500, 0.024139433551202634, 5971.2370, 492, 13.8500, alpha='0.03', epoch='10', hidneuron='12', tau='10', terminal='15', threshold='1', typea='4', typeb='5', typec='6'
5991.8700, 0.024069264069266256, 5973.3827, 492, 13.8700, alpha='0.03', epoch='10', hidneuron='12', tau='10', terminal='15', threshold='1', typea='4', typeb='5', typec='6'
5993.8900, 0.02417204301075486, 5975.5430, 492, 13.8900, alpha='0.03', epoch='10', hidneuron='12', tau='10', terminal='15', threshold='1', typea='4', typeb='5', typec='6'
5995.9000, 0.02427350427350643, 5978.8132, 492, 13.9000, alpha='0.03', epoch='10', hidneuron='12', tau='10', terminal='15', threshold='1', typea='4', typeb='5', typec='6'
5997.9100, 0.024203821656050978, 5980.3164, 492, 13.9100, alpha='0.03', epoch='10', hidneuron='12', tau='10', terminal='15', threshold='1', typea='4', typeb='5', typec='6'
5999.9300, 0.024219409282702553, 5982.4615, 492, 13.9300, alpha='0.03', epoch='10', hidneuron='12', tau='10', terminal='15', threshold='1', typea='4', typeb='5', typec='6'
6001.9400, 0.024234800838578638, 5984.6508, 492, 13.9400, alpha='0.03', epoch='10', hidneuron='12', tau='10', terminal='15', threshold='1', typea='4', typeb='5', typec='6'
6003.9500, 0.024166666666668772, 5987.8256, 492, 13.9500, alpha='0.03', epoch='10', hidneuron='12', tau='10', terminal='15', threshold='1', typea='4', typeb='5', typec='6'
6005.9600, 0.024265010351968964, 5989.7713, 492, 13.9600, alpha='0.03', epoch='10', hidneuron='12', tau='10', terminal='15', threshold='1', typea='4', typeb='5', typec='6'
6007.9800, 0.024279835390950636, 5992.2537, 492, 13.9800, alpha='0.03', epoch='10', hidneuron='12', tau='10', terminal='15', threshold='1', typea='4', typeb='5', typec='6'
6009.9900, 0.024294478527613517, 5995.0005, 492, 13.9900, alpha='0.03', epoch='10', hidneuron='12', tau='10', terminal='15', threshold='1', typea='4', typeb='5', typec='6'
6012.0100, 0.02422764227642685, 5997.1145, 492, 14.0100, alpha='0.03', epoch='10', hidneuron='12', tau='10', terminal='15', threshold='1', typea='4', typeb='5', typec='6'
6014.0200, 0.024161616161618202, 5999.3683, 492, 14.0200, alpha='0.03', epoch='10', hidneuron='12', tau='10', terminal='15', threshold='1', typea='4', typeb='5', typec='6'
6015.0300, 0.024161616161618202, 6000.4957, 492, 14.0300, alpha='0.03', epoch='10', hidneuron='12', tau='10', terminal='15', threshold='1', typea='4', typeb='5', typec='6'
