"Total Time","Mean Performance","Wallclock Time","Incumbent ID","Automatic Configurator Time","Configuration..."
0.0900, 100000000, 0.0005, 0, 0.0900, alpha='0.01', epoch='200', hidneuron='5', tau='12', terminal='16', threshold='7', typea='4', typeb='5', typec='6'
1.0900, 0.986666666667, 1.4785, 0, 0.0900, alpha='0.01', epoch='200', hidneuron='5', tau='12', terminal='16', threshold='7', typea='4', typeb='5', typec='6'
2.1000, 0.333333333333, 3.1804, 1, 0.1000, alpha='0.4', epoch='1000', hidneuron='11', tau='9', terminal='10', threshold='8', typea='4', typeb='4', typec='5'
3.1000, 0.0, 5.9699, 2, 0.1000, alpha='0.4', epoch='700', hidneuron='11', tau='7', terminal='11', threshold='9', typea='3', typeb='3', typec='7'
13.1100, 0.0, 15.0976, 2, 0.1100, alpha='0.4', epoch='700', hidneuron='11', tau='7', terminal='11', threshold='9', typea='3', typeb='3', typec='7'
19.1200, 0.0, 21.4319, 2, 0.1200, alpha='0.4', epoch='700', hidneuron='11', tau='7', terminal='11', threshold='9', typea='3', typeb='3', typec='7'
21.1300, 0.0, 24.5500, 2, 0.1300, alpha='0.4', epoch='700', hidneuron='11', tau='7', terminal='11', threshold='9', typea='3', typeb='3', typec='7'
29.1300, 0.0, 32.5303, 2, 0.1300, alpha='0.4', epoch='700', hidneuron='11', tau='7', terminal='11', threshold='9', typea='3', typeb='3', typec='7'
30.1300, 0.0, 33.6490, 15, 0.1300, alpha='0.5', epoch='700', hidneuron='9', tau='10', terminal='14', threshold='13', typea='8', typeb='3', typec='4'
30.1300, 0.0, 33.6492, 15, 0.1300, alpha='0.5', epoch='700', hidneuron='9', tau='10', terminal='14', threshold='13', typea='8', typeb='3', typec='4'
